brand,model,year,transmission,mileage,fuelType,tax,mpg,engineSize,price
Hyundai,Tucson,2022,Automatic,35168,Diesel,3499,20.1,1.4,909026.87
Honda,Amaze,2009,Automatic,1170,CNG,6419,16.7,1.5,415797.04
Maruti,Brezza,2024,Manual,11219,Petrol,12822,20.0,1.5,883153.05
Hyundai,i20,2010,Automatic,99659,Diesel,33210,31.2,1.2,230408.64
Toyota,Yaris,2016,Manual,53784,Petrol,4271,20.9,1.5,897217.84
Toyota,Yaris,2011,Manual,170754,CNG,13830,30.4,1.2,173766.87
Hyundai,i20,2015,Automatic,119192,Diesel,33783,23.4,1.2,330681.9
Maruti,Swift,2014,Manual,65273,Petrol,28541,25.6,2.0,288200.25
Honda,Jazz,2008,Automatic,143585,CNG,30208,23.7,1.5,120000.0
Maruti,Dzire,2019,Automatic,104415,Hybrid,34009,28.7,1.6,668343.69
Maruti,Baleno,2021,Manual,94631,Petrol,15376,14.4,1.2,565280.65
Maruti,Brezza,2012,Manual,166465,Petrol,32999,23.2,1.5,120000.0
Honda,CR-V,2009,Automatic,24103,Petrol,28128,14.1,1.5,420351.58
Toyota,RAV4,2014,Automatic,142844,Petrol,28630,28.9,1.0,620058.85
Honda,Civic,2012,Automatic,54463,Petrol,11312,21.4,1.4,419091.49
Ford,Focus,2019,Manual,66892,Petrol,34920,15.9,1.0,700950.69
Toyota,Yaris,2012,Manual,150074,Diesel,17130,31.7,1.6,516923.52
Honda,Jazz,2024,Automatic,139474,Petrol,13958,28.0,1.8,979465.47
Ford,Fiesta,2013,Automatic,72385,Hybrid,580,21.3,1.5,553124.81
Hyundai,i20,2008,Manual,184458,Petrol,11937,12.5,1.4,120000.0
Toyota,Camry,2014,Automatic,122588,Hybrid,9129,31.9,1.5,764995.81
Honda,Civic,2016,Manual,197467,Diesel,27295,24.1,1.8,513703.07
Honda,Civic,2015,Automatic,128170,Diesel,32904,31.4,1.8,519609.64
Toyota,Camry,2023,Automatic,4958,Petrol,11388,26.4,1.8,1321620.96
Honda,Civic,2008,Manual,140356,Petrol,8539,31.4,1.8,210439.82
Honda,Jazz,2009,Manual,147494,Diesel,6833,25.9,1.0,120000.0
Honda,CR-V,2010,Automatic,218806,Petrol,33387,30.1,1.8,158977.29
Maruti,Dzire,2008,Manual,42809,Petrol,11092,13.7,1.0,120000.0
Ford,Focus,2010,Manual,135686,Petrol,12552,15.6,1.8,120000.0
Ford,Fiesta,2018,Automatic,65935,Diesel,28353,29.1,1.2,520843.43
Maruti,Brezza,2014,Manual,143342,Hybrid,27852,29.6,1.8,202253.52
Toyota,Camry,2024,Manual,79881,Hybrid,11432,28.2,1.5,1181145.04
Hyundai,Creta,2019,Automatic,12318,Petrol,14397,25.4,1.5,873180.1
Honda,CR-V,2012,Manual,94800,Petrol,14313,13.8,1.5,335600.44
Ford,Focus,2023,Manual,140781,CNG,25826,22.2,1.6,650179.34
Hyundai,i10,2023,Manual,75871,Petrol,1610,10.9,1.5,1084366.62
Hyundai,Tucson,2019,Manual,177713,Diesel,6062,19.5,1.5,662033.62
Maruti,Brezza,2009,Manual,205422,Petrol,18878,25.0,1.0,120000.0
Toyota,Corolla,2019,Manual,101357,Diesel,28722,23.8,1.4,929685.81
Honda,CR-V,2020,Manual,9532,Petrol,23905,11.6,1.2,1014299.87
Maruti,Baleno,2017,Manual,62726,Hybrid,24251,17.7,1.5,602471.58
Hyundai,i10,2012,Automatic,217920,Hybrid,13020,27.1,1.5,220658.15
Maruti,Brezza,2024,Automatic,53173,Diesel,31589,21.1,1.8,941201.67
Honda,Jazz,2024,Manual,186524,CNG,11175,30.9,1.0,869679.67
Hyundai,Verna,2022,Manual,132934,Petrol,23538,26.6,1.5,816889.58
Maruti,Ciaz,2017,Automatic,13235,CNG,31069,17.7,1.4,659728.1
Toyota,RAV4,2016,Automatic,23145,Diesel,14913,14.9,2.0,1118097.18
Toyota,Prius,2012,Manual,190027,Diesel,28447,30.8,1.8,390918.11
Ford,Mondeo,2011,Manual,106485,Diesel,19544,19.3,1.5,126117.82
Hyundai,i10,2015,Manual,164383,Diesel,8312,18.8,1.6,336699.95
Hyundai,i20,2008,Manual,3661,CNG,1510,29.6,1.6,261578.52
Maruti,Brezza,2010,Automatic,37401,Petrol,24351,20.0,1.0,120000.0
Maruti,Dzire,2023,Automatic,210955,CNG,15947,23.6,1.8,573706.03
Toyota,Yaris,2025,Manual,57929,Petrol,24435,21.8,1.4,1238782.46
Ford,Mondeo,2020,Automatic,200493,Petrol,32918,19.2,1.6,637337.36
Toyota,Yaris,2020,Manual,171294,Petrol,34554,13.3,1.2,791268.0
Maruti,Baleno,2024,Automatic,91845,Petrol,478,11.7,1.0,805500.12
Maruti,Dzire,2012,Automatic,83749,Diesel,15769,12.8,1.6,409289.46
Honda,Amaze,2020,Manual,166782,Hybrid,12535,12.5,1.2,757602.43
Honda,Jazz,2025,Automatic,123845,Diesel,27713,23.0,1.8,1350344.9
Maruti,Ciaz,2021,Automatic,30865,Petrol,34316,23.4,1.5,883544.73
Honda,City,2013,Manual,66253,CNG,30182,30.9,1.2,616465.35
Hyundai,i10,2024,Manual,101550,Petrol,21728,17.6,1.2,907012.93
Honda,Jazz,2022,Manual,34266,Petrol,24418,14.0,1.8,968878.16
Hyundai,i20,2010,Automatic,214111,Petrol,6730,10.9,1.6,120000.0
Maruti,Ciaz,2013,Manual,46187,Petrol,4506,17.3,1.2,146504.85
Honda,Civic,2022,Automatic,192313,Petrol,13205,10.1,2.0,929868.16
Toyota,RAV4,2021,Manual,9033,Diesel,24967,29.7,1.4,1163947.79
Honda,CR-V,2020,Automatic,87978,Petrol,25809,14.0,1.0,918703.58
Toyota,RAV4,2024,Manual,78767,Petrol,17445,11.9,1.0,1148319.65
Toyota,Corolla,2019,Manual,80515,Petrol,21264,15.4,1.2,698951.5
Ford,Fiesta,2013,Manual,187329,Petrol,9978,13.8,1.8,169875.05
Ford,Puma,2026,Manual,219398,Diesel,13924,31.3,1.8,850442.79
Ford,Puma,2009,Manual,62315,Diesel,7177,31.3,1.5,147454.97
Hyundai,Verna,2008,Automatic,155883,Petrol,10102,22.8,1.8,120000.0
Honda,Jazz,2008,Manual,121144,Petrol,34648,17.1,1.2,120000.0
Toyota,RAV4,2008,Manual,26556,Petrol,16505,19.1,2.0,574135.69
Hyundai,Creta,2025,Manual,206496,Diesel,13273,30.4,1.5,775033.12
Hyundai,Tucson,2015,Automatic,176098,Diesel,5749,27.9,1.4,376103.34
Hyundai,i20,2020,Automatic,99976,Diesel,31488,23.7,1.8,1020829.27
Ford,Fiesta,2024,Automatic,120038,Petrol,18999,19.5,1.4,1005256.59
Toyota,RAV4,2022,Automatic,163379,Petrol,27600,13.3,1.4,928640.07
Ford,Mondeo,2012,Automatic,45795,Petrol,26686,29.3,1.2,426947.59
Hyundai,Tucson,2022,Automatic,51206,Petrol,27015,10.3,1.5,931927.72
Honda,Jazz,2011,Manual,76707,Petrol,33567,17.5,1.4,302302.42
Toyota,Camry,2019,Automatic,23074,Petrol,633,29.2,1.0,892768.44
Hyundai,Creta,2011,Automatic,6041,Hybrid,5338,22.7,2.0,523396.14
Maruti,Swift,2018,Manual,216680,Petrol,6521,28.4,1.8,463790.53
Ford,Puma,2015,Automatic,163990,Petrol,28099,10.1,1.2,194728.61
Ford,Focus,2018,Automatic,106303,Petrol,15827,14.9,1.4,441717.5
Hyundai,Verna,2026,Manual,37247,Diesel,32019,18.0,1.6,1337361.45
Hyundai,i10,2024,Manual,33557,CNG,30122,21.8,1.8,1204988.25
Ford,Fiesta,2020,Manual,176152,Petrol,7179,14.2,1.8,573978.61
Honda,City,2008,Automatic,115841,Petrol,16838,20.9,1.5,142577.97
Honda,CR-V,2008,Manual,165960,Petrol,9476,24.2,1.2,120000.0
Hyundai,i10,2014,Automatic,49611,Petrol,23516,10.4,2.0,624437.12
Ford,Mondeo,2010,Automatic,158858,Diesel,8511,25.9,1.4,120000.0
Hyundai,Creta,2012,Manual,71953,Petrol,455,11.9,1.2,289232.6
Maruti,Dzire,2023,Manual,93291,Diesel,31871,23.7,1.2,773535.39
Honda,CR-V,2012,Manual,80443,Hybrid,10306,30.9,1.6,477533.24
Hyundai,i20,2017,Manual,104163,CNG,16967,21.3,1.0,525783.24
Ford,Fiesta,2018,Manual,198225,Petrol,9530,10.4,1.2,414336.24
Toyota,Prius,2017,Manual,122364,Petrol,17411,25.8,1.0,583852.81
Honda,City,2019,Automatic,126551,Petrol,14656,18.4,1.0,605341.15
Toyota,Yaris,2018,Manual,169845,Petrol,13625,16.4,1.6,862997.07
Honda,City,2022,Automatic,106942,Petrol,1091,15.8,1.2,843964.4
Honda,CR-V,2018,Automatic,34873,CNG,26981,12.3,1.0,813414.69
Ford,Mondeo,2018,Automatic,17629,Petrol,27979,25.3,1.2,684131.1
Toyota,RAV4,2026,Manual,211699,Hybrid,33258,19.8,1.0,1114934.89
Honda,Amaze,2024,Automatic,186973,Diesel,31617,24.2,1.0,733267.61
Honda,City,2016,Automatic,155520,Petrol,34977,22.2,2.0,474340.18
Maruti,Swift,2026,Automatic,207794,CNG,26077,11.2,1.2,686815.88
Honda,City,2017,Automatic,80868,Diesel,4219,11.7,1.5,655613.96
Hyundai,i20,2011,Automatic,138070,Petrol,21555,15.1,1.6,349487.41
Honda,City,2009,Manual,116837,Hybrid,2451,10.2,1.4,254508.44
Hyundai,i20,2017,Manual,115431,Petrol,8357,12.4,1.0,377254.04
Toyota,RAV4,2025,Manual,4914,Petrol,1578,12.4,1.8,1374343.47
Honda,City,2012,Automatic,92450,Petrol,33065,20.3,2.0,518828.84
Maruti,Baleno,2014,Automatic,207458,Petrol,8069,28.3,2.0,159147.54
Toyota,Camry,2013,Automatic,48374,Diesel,32471,31.9,1.0,638562.32
Maruti,Dzire,2017,Manual,219197,Petrol,28554,14.9,1.4,180708.47
Ford,Kuga,2021,Automatic,86666,Petrol,4533,29.6,1.4,654584.23
Ford,Focus,2019,Manual,205018,Petrol,3044,19.0,1.4,273828.87
Maruti,Baleno,2025,Manual,150633,Petrol,34701,11.4,1.6,696076.9
Maruti,Ciaz,2026,Automatic,149485,Petrol,30257,26.1,1.4,952076.1
Hyundai,i20,2023,Automatic,153746,Hybrid,3704,25.4,1.2,899982.8
Hyundai,Tucson,2018,Automatic,193516,Petrol,4510,17.4,1.2,385612.57
Hyundai,i10,2021,Automatic,43296,Petrol,21592,31.6,1.6,999613.2
Ford,Focus,2020,Automatic,167665,Petrol,15128,28.5,1.2,447515.2
Maruti,Ciaz,2011,Manual,208458,Hybrid,26984,25.6,1.0,120000.0
Ford,Focus,2025,Automatic,213184,CNG,22665,23.1,1.5,744652.32
Ford,Puma,2018,Automatic,60924,Petrol,33050,12.2,1.6,693166.77
Ford,Mondeo,2018,Manual,150029,Petrol,4596,29.1,1.8,552723.42
Maruti,Dzire,2013,Automatic,69317,Petrol,31293,15.1,1.2,268127.09
Maruti,Dzire,2024,Automatic,190294,Petrol,33886,14.1,1.4,700316.08
Honda,City,2014,Automatic,8123,Petrol,33862,14.1,1.5,756486.39
Ford,Fiesta,2019,Manual,50393,Diesel,2247,22.8,1.5,769950.52
Honda,Amaze,2024,Manual,86956,Petrol,34114,25.9,1.8,1048743.04
Honda,Amaze,2008,Automatic,159618,CNG,3672,15.3,1.4,310869.97
Hyundai,i20,2017,Automatic,16859,CNG,3075,17.7,1.0,672619.52
Ford,Mondeo,2014,Manual,151992,Diesel,28750,10.9,1.2,214084.6
Maruti,Dzire,2013,Automatic,135234,Diesel,24817,29.2,1.0,120000.0
Toyota,RAV4,2022,Automatic,196964,Petrol,20911,27.2,1.5,913291.72
Hyundai,i10,2021,Manual,55115,Petrol,16774,23.5,1.6,861623.56
Honda,CR-V,2020,Manual,145257,Hybrid,5658,10.5,1.4,692527.51
Ford,Puma,2010,Manual,49302,Petrol,1072,15.7,1.8,363116.45
Hyundai,i20,2012,Manual,217295,Petrol,30346,22.7,1.2,156422.49
Hyundai,i10,2022,Automatic,61625,Petrol,9934,17.9,1.4,899775.42
Honda,Amaze,2025,Automatic,29813,Diesel,31816,14.0,1.5,1310478.61
Maruti,Swift,2022,Automatic,146114,Diesel,5723,18.6,2.0,720760.7
Ford,Kuga,2009,Automatic,129862,Petrol,4580,31.3,1.5,120000.0
Honda,City,2017,Automatic,99426,Petrol,33200,15.6,1.4,673517.56
Hyundai,Creta,2018,Automatic,104944,Diesel,24688,19.8,1.0,586752.52
Honda,Amaze,2025,Automatic,51617,Petrol,1377,12.7,1.2,1286138.7
Maruti,Ciaz,2012,Manual,151717,Diesel,34532,31.2,1.5,120000.0
Honda,City,2019,Manual,30064,Petrol,24663,14.4,1.5,912068.76
Toyota,Prius,2008,Automatic,52368,Petrol,6200,25.2,2.0,542957.71
Ford,Focus,2015,Automatic,25771,Diesel,24133,24.9,1.0,678918.85
Honda,Amaze,2023,Automatic,145068,Petrol,21173,17.0,1.2,879771.92
Ford,Puma,2011,Automatic,203722,Diesel,28274,26.8,1.4,120000.0
Ford,Puma,2020,Automatic,120243,Petrol,11493,23.9,1.0,709004.85
Honda,CR-V,2008,Manual,50772,Petrol,20547,13.7,1.2,367162.55
Toyota,Yaris,2021,Manual,209373,Petrol,16771,10.6,1.2,660021.62
Toyota,Prius,2022,Manual,168509,Diesel,26140,25.7,1.8,862732.17
Honda,Amaze,2018,Manual,197668,Diesel,22914,18.4,1.0,425477.88
Honda,City,2021,Manual,63387,Petrol,32536,21.7,1.4,786047.38
Toyota,RAV4,2025,Manual,181275,CNG,6340,25.0,1.8,1152188.8
Ford,Focus,2017,Automatic,20061,Petrol,19257,11.0,1.8,642827.91
Toyota,Camry,2020,Automatic,194641,Hybrid,27781,24.2,1.0,827980.78
Toyota,Corolla,2012,Manual,187407,Diesel,23364,12.1,2.0,355339.63
Hyundai,i10,2008,Manual,52516,Petrol,30197,14.8,1.5,245683.8
Honda,City,2016,Manual,109791,Diesel,9608,23.1,1.2,664481.89
Toyota,Camry,2017,Manual,152643,Diesel,11938,28.0,2.0,641825.19
Maruti,Brezza,2015,Automatic,88860,Diesel,7932,17.8,1.0,379168.16
Hyundai,Tucson,2024,Automatic,16315,Diesel,9490,23.0,1.6,1070057.49
Toyota,Camry,2013,Manual,80484,Petrol,25572,20.2,1.4,658096.57
Hyundai,i10,2011,Automatic,166309,Diesel,18753,12.1,2.0,398155.65
Ford,Kuga,2015,Automatic,52386,CNG,34095,10.4,1.5,513094.96
Hyundai,Creta,2008,Automatic,137565,Petrol,27576,29.0,1.2,120000.0
Hyundai,i10,2021,Manual,75826,Petrol,3067,30.6,1.0,940429.26
Ford,Fiesta,2018,Automatic,207382,Petrol,18048,30.2,1.2,395329.91
Maruti,Brezza,2017,Manual,119201,Petrol,13321,29.3,1.6,378298.65
Honda,CR-V,2021,Manual,39001,Petrol,7826,31.1,1.2,984902.63
Toyota,Corolla,2008,Automatic,133769,Petrol,29026,17.0,1.8,374036.11
Honda,Civic,2013,Manual,15929,Petrol,17713,15.1,1.2,544095.8
Hyundai,i10,2013,Manual,132959,Petrol,5320,11.3,2.0,268416.65
Honda,City,2017,Manual,166181,Petrol,24326,31.6,2.0,565145.79
Ford,Kuga,2021,Manual,14641,Diesel,22161,15.0,1.5,831662.4
Maruti,Brezza,2011,Manual,29625,Petrol,14167,24.4,1.5,225907.27
Maruti,Ciaz,2012,Manual,106414,Petrol,27661,22.8,1.8,120000.0
Toyota,Prius,2008,Manual,138816,Hybrid,28053,31.1,1.6,258661.64
Hyundai,Verna,2011,Automatic,143724,Petrol,13156,18.7,1.4,185512.29
Toyota,Prius,2017,Automatic,173331,CNG,32999,27.8,1.0,625201.78
Toyota,Yaris,2015,Manual,145398,Diesel,15754,15.0,1.4,551105.44
Ford,Kuga,2020,Manual,113176,Diesel,1674,10.8,1.6,725658.27
Honda,Jazz,2024,Automatic,78362,Diesel,34705,31.4,1.8,1303446.1
Honda,Jazz,2026,Manual,145606,Petrol,733,11.8,1.2,1058551.0
Toyota,Yaris,2010,Manual,170644,Diesel,33593,20.5,1.0,310845.1
Toyota,Yaris,2011,Manual,132812,CNG,32210,21.5,1.6,327311.79
Toyota,Corolla,2015,Automatic,83342,Petrol,15379,23.5,1.8,871769.01
Hyundai,Creta,2019,Manual,142432,Hybrid,23500,17.0,1.4,629124.37
Toyota,Prius,2020,Manual,164854,CNG,27175,24.4,1.8,946715.53
Honda,Jazz,2020,Manual,159989,Petrol,33779,20.7,1.4,645841.89
Honda,Amaze,2008,Manual,124739,Petrol,3281,22.7,1.6,120000.0
Ford,Mondeo,2022,Manual,178773,Diesel,25426,31.8,1.5,609396.51
Toyota,Yaris,2018,Manual,179510,Diesel,6580,17.8,1.4,612335.16
Maruti,Swift,2011,Manual,8733,Diesel,386,26.5,1.0,208925.55
Honda,Jazz,2012,Manual,141896,Petrol,31016,23.0,1.2,341582.95
Maruti,Ciaz,2015,Manual,37547,Petrol,27796,12.0,1.5,347748.17
Honda,Amaze,2023,Manual,12564,Diesel,20977,23.2,1.2,1308622.74
Hyundai,Creta,2026,Manual,13822,Petrol,26107,31.6,1.6,1262914.94
Honda,Amaze,2011,Manual,52652,Diesel,7721,23.2,2.0,445788.01
Honda,Jazz,2020,Manual,109660,Diesel,4141,19.0,2.0,849113.39
Ford,Focus,2023,Manual,215542,Diesel,916,10.5,1.4,697011.78
Maruti,Swift,2020,Automatic,187747,Petrol,30545,28.5,1.2,464279.41
Toyota,Prius,2011,Manual,160418,Petrol,31828,27.2,1.2,254304.52
Hyundai,i20,2021,Automatic,165551,Petrol,33481,11.5,1.0,617994.33
Hyundai,Verna,2021,Manual,167308,Petrol,29567,15.9,1.2,571514.96
Ford,Mondeo,2011,Manual,199509,Petrol,12107,16.9,1.0,120000.0
Toyota,Camry,2022,Automatic,182303,Petrol,25578,31.6,1.8,1055840.65
Toyota,Prius,2010,Automatic,75079,Petrol,34020,23.4,1.4,434100.02
Toyota,Prius,2011,Manual,150742,Petrol,18318,12.5,1.0,255290.56
Toyota,RAV4,2018,Manual,120034,Diesel,7915,28.6,1.8,769357.7
Ford,Focus,2017,Manual,143563,Petrol,10170,27.3,1.8,450990.81
Hyundai,Verna,2017,Automatic,109899,Hybrid,30524,22.0,2.0,858771.24
Maruti,Brezza,2021,Manual,216712,Petrol,19529,22.2,1.2,423724.16
Honda,CR-V,2008,Manual,82453,Hybrid,28773,18.4,2.0,381778.94
Hyundai,Creta,2016,Manual,175743,Diesel,6854,29.7,2.0,314217.58
Toyota,Yaris,2013,Automatic,188722,Petrol,31401,13.7,1.4,696230.51
Maruti,Brezza,2023,Manual,135750,Petrol,29990,12.6,1.8,731102.62
Honda,Civic,2020,Automatic,139993,Diesel,34897,31.6,1.5,730439.77
Maruti,Swift,2010,Manual,195966,Diesel,13265,31.4,1.8,120000.0
Hyundai,Tucson,2016,Automatic,156543,Petrol,34582,29.8,1.5,338708.31
Toyota,Camry,2019,Manual,156931,Petrol,3522,15.3,1.2,846010.27
Hyundai,i10,2016,Automatic,135417,Petrol,21732,17.8,2.0,576977.31
Honda,Jazz,2008,Manual,72197,Diesel,23858,13.7,1.5,310307.31
Hyundai,Creta,2008,Automatic,141791,Petrol,30323,14.7,1.5,120000.0
Ford,Mondeo,2021,Automatic,51975,CNG,27595,24.6,1.0,764135.85
Toyota,Camry,2008,Automatic,38028,Petrol,15646,20.1,1.2,440224.16
Honda,Jazz,2021,Manual,93296,Petrol,32132,16.2,1.8,1030120.98
Ford,Puma,2021,Automatic,177274,Diesel,34362,23.7,1.5,829663.93
Ford,Kuga,2026,Automatic,155107,Petrol,2391,15.8,1.6,1063615.5
Ford,Fiesta,2021,Automatic,66682,Petrol,20958,11.4,1.8,791143.03
Maruti,Swift,2023,Manual,219000,Diesel,20067,24.5,1.2,342215.62
Hyundai,Tucson,2010,Manual,116027,Diesel,23422,28.2,1.0,120000.0
Maruti,Brezza,2019,Manual,75638,Petrol,15518,23.4,1.5,638945.75
Honda,CR-V,2026,Manual,23825,Petrol,27536,31.4,1.8,1250475.11
Honda,Civic,2008,Manual,196234,Petrol,12664,20.4,1.2,120000.0
Toyota,Camry,2015,Manual,99651,Petrol,16871,14.3,1.6,568203.37
Ford,Mondeo,2013,Automatic,183496,Petrol,3780,17.5,1.5,263112.24
Maruti,Ciaz,2024,Manual,10720,Petrol,13895,11.9,1.0,770944.17
Honda,Jazz,2014,Manual,148917,Petrol,34748,12.9,1.8,470128.93
Maruti,Swift,2015,Manual,199766,Petrol,9036,24.8,1.6,218096.74
Hyundai,i10,2012,Manual,12198,Diesel,29035,10.9,1.6,357937.63
Hyundai,i10,2025,Manual,100915,Petrol,3229,23.1,1.2,1012130.29
Hyundai,i10,2026,Manual,147417,CNG,22625,29.5,1.0,874902.17
Maruti,Baleno,2021,Automatic,135153,CNG,6014,24.0,1.5,640616.69
Honda,City,2024,Automatic,99298,Petrol,20201,11.0,2.0,1343061.13
Maruti,Swift,2013,Automatic,95154,Diesel,2716,21.9,1.4,259335.41
Hyundai,i10,2010,Manual,167297,Diesel,11160,22.8,2.0,223472.86
Toyota,Camry,2011,Manual,113058,Petrol,15068,13.1,1.5,413772.51
Hyundai,Verna,2017,Automatic,75592,Diesel,27710,23.1,2.0,819103.85
Ford,Mondeo,2015,Manual,217379,Petrol,3684,13.7,1.0,120000.0
Maruti,Brezza,2021,Manual,36045,Petrol,10962,13.2,1.2,713755.84
Maruti,Baleno,2012,Automatic,83081,Petrol,31094,23.3,1.4,120000.0
Hyundai,Tucson,2012,Manual,37865,Petrol,29177,19.7,1.6,266078.07
Toyota,Yaris,2020,Manual,75996,Petrol,8226,28.3,1.5,891461.74
Maruti,Dzire,2020,Automatic,88989,Petrol,25710,16.6,1.0,574783.71
Ford,Focus,2026,Manual,9641,Petrol,24880,30.0,1.0,1085862.79
Toyota,Camry,2020,Manual,164343,Petrol,4368,27.5,2.0,842422.05
Hyundai,i20,2021,Manual,208855,CNG,34334,20.6,1.2,538035.6
Toyota,RAV4,2013,Manual,97627,Diesel,17894,20.8,1.4,655402.1
Toyota,Corolla,2026,Automatic,98116,Petrol,26758,22.6,2.0,1558313.74
Honda,Jazz,2012,Manual,203877,Diesel,16689,25.1,1.2,120000.0
Honda,Jazz,2017,Manual,79558,Petrol,11669,26.1,1.2,758019.62
Honda,Jazz,2025,Automatic,65521,Hybrid,1545,17.5,2.0,1419746.7
Maruti,Swift,2022,Manual,169394,Diesel,26814,28.6,1.0,386055.89
Ford,Focus,2021,Manual,6365,Diesel,12208,12.4,1.4,884606.54
Hyundai,Tucson,2020,Automatic,23106,Petrol,10484,11.7,1.8,1103361.11
Hyundai,i10,2009,Automatic,47233,Diesel,9835,27.7,1.2,216258.17
Honda,Amaze,2014,Manual,141264,Petrol,1178,14.7,1.6,557036.27
Ford,Focus,2017,Automatic,140522,Diesel,8467,25.7,1.2,394988.43
Hyundai,Tucson,2022,Manual,32289,Petrol,25222,18.8,2.0,1081939.38
Ford,Kuga,2024,Manual,112937,Petrol,25026,23.1,1.2,875814.98
Ford,Focus,2015,Manual,163257,Petrol,32581,28.2,1.6,305778.47
Toyota,RAV4,2011,Automatic,96006,CNG,13205,30.6,1.0,357422.34
Honda,Amaze,2024,Automatic,85895,Petrol,29548,24.9,1.4,1070087.77
Honda,Amaze,2012,Automatic,209219,Diesel,33039,15.9,2.0,278633.05
Hyundai,Verna,2026,Automatic,79851,Petrol,17514,19.5,2.0,1106534.81
Honda,CR-V,2016,Manual,92214,Diesel,14552,25.8,1.6,603164.07
Ford,Fiesta,2013,Manual,48247,Hybrid,26390,10.8,1.6,546715.16
Hyundai,i10,2010,Manual,87533,Diesel,6972,29.6,1.8,221643.12
Hyundai,Verna,2010,Automatic,172261,Hybrid,9365,28.4,1.6,197356.21
Ford,Puma,2022,Manual,59401,CNG,16243,31.2,1.6,771586.76
Hyundai,i10,2013,Automatic,59528,Petrol,18245,31.5,1.0,438407.11
Toyota,Prius,2013,Manual,75855,Petrol,18128,17.7,2.0,761724.27
Hyundai,Verna,2011,Manual,148952,Hybrid,29041,23.3,1.4,124794.76
Honda,CR-V,2015,Manual,55006,Petrol,16569,11.3,1.5,556027.71
Hyundai,i10,2011,Automatic,172956,CNG,19056,31.2,1.5,135163.72
Honda,City,2019,Automatic,186535,CNG,20240,13.2,1.4,592735.5
Maruti,Brezza,2022,Manual,178359,Diesel,32112,16.4,2.0,707813.91
Ford,Focus,2024,Automatic,51424,Petrol,14547,16.6,1.8,1084601.21
Toyota,Prius,2021,Manual,177725,Petrol,19140,14.0,1.2,1027100.27
Maruti,Brezza,2020,Manual,215881,Hybrid,18453,18.6,1.6,329305.5
Hyundai,i20,2023,Automatic,90061,Petrol,34340,22.5,1.4,906750.32
Honda,City,2013,Manual,199829,Hybrid,24440,18.7,1.2,145745.13
Toyota,Yaris,2015,Manual,158314,Petrol,8121,20.1,2.0,720643.3
Hyundai,i20,2012,Manual,203836,Petrol,28166,11.0,1.2,120000.0
Toyota,RAV4,2015,Automatic,21892,Diesel,8603,18.9,1.6,1228223.4
Ford,Puma,2010,Manual,61344,Petrol,27564,15.5,1.0,120000.0
Hyundai,Tucson,2025,Automatic,42958,Petrol,34103,10.6,1.6,1219520.4
Maruti,Baleno,2008,Manual,62862,Hybrid,15098,25.8,1.6,144025.6
Honda,Amaze,2010,Manual,32495,Hybrid,31293,30.8,2.0,554488.16
Hyundai,i10,2022,Manual,56912,Petrol,20783,10.7,1.4,962506.91
Ford,Puma,2011,Manual,101740,Hybrid,28380,28.4,2.0,463088.4
Toyota,RAV4,2010,Manual,10943,Petrol,14882,10.8,1.5,473907.77
Maruti,Swift,2013,Manual,50521,CNG,353,19.6,1.8,264620.62
Honda,CR-V,2022,Manual,134509,Diesel,11385,25.7,1.8,824965.63
Honda,Jazz,2021,Manual,219900,Petrol,34470,26.6,1.5,780555.87
Ford,Puma,2017,Automatic,171958,Petrol,9409,23.8,1.0,190666.37
Ford,Fiesta,2011,Automatic,29457,Diesel,3588,21.3,1.6,172150.86
Ford,Focus,2015,Manual,176970,Petrol,24310,26.0,2.0,350588.82
Ford,Fiesta,2009,Automatic,76629,Petrol,23280,13.5,1.8,249120.96
Maruti,Swift,2024,Manual,173179,Petrol,13452,10.6,1.5,607888.66
Hyundai,Verna,2015,Automatic,185677,Diesel,8224,25.5,2.0,458170.07
Ford,Puma,2008,Manual,26949,Petrol,19344,18.7,1.8,304259.8
Honda,Jazz,2017,Automatic,137881,Diesel,30499,24.8,1.2,534368.95
Honda,City,2023,Automatic,55204,Diesel,6542,10.4,1.5,1195121.33
Maruti,Dzire,2012,Manual,74156,Diesel,30729,23.3,1.0,120000.0
Toyota,Corolla,2026,Automatic,45982,Petrol,33055,24.1,2.0,1432207.14
Honda,Amaze,2025,Automatic,3514,CNG,18154,13.9,1.8,1518898.62
Toyota,RAV4,2016,Manual,17215,Petrol,7186,20.6,1.4,815810.53
Toyota,RAV4,2017,Automatic,131383,Petrol,2645,30.9,1.4,741309.39
Hyundai,Verna,2010,Automatic,4309,Petrol,13064,22.4,1.4,359794.84
Ford,Fiesta,2023,Automatic,55645,Petrol,30313,30.8,1.2,901497.07
Hyundai,i10,2020,Manual,128660,Petrol,18969,30.7,1.0,593323.41
Toyota,RAV4,2016,Automatic,148268,Petrol,3566,10.2,1.8,699322.4
Honda,Amaze,2022,Manual,159435,Petrol,34869,15.0,1.2,746333.49
Honda,Civic,2016,Manual,21014,Diesel,28642,11.1,1.0,554594.42
Toyota,Corolla,2018,Automatic,73934,Petrol,28178,28.1,1.2,743948.94
Honda,Amaze,2021,Manual,56485,Petrol,18250,11.5,1.4,986826.61
Honda,Civic,2014,Manual,197080,Petrol,1225,27.3,1.0,196417.76
Toyota,Prius,2018,Automatic,110375,Hybrid,22726,30.6,1.2,904210.4
Ford,Mondeo,2011,Automatic,103826,Petrol,7351,16.2,1.5,120000.0
Honda,City,2008,Automatic,114096,Petrol,6497,24.6,1.0,120000.0
Hyundai,Verna,2010,Automatic,203478,Petrol,18025,21.8,1.4,120000.0
Maruti,Ciaz,2020,Manual,209666,CNG,22127,18.2,1.5,281542.96
Ford,Mondeo,2016,Manual,77406,Hybrid,30058,24.9,1.0,421613.36
Ford,Kuga,2023,Automatic,134709,Petrol,16071,19.0,1.6,781492.22
Maruti,Swift,2015,Automatic,173885,Petrol,5647,11.8,1.8,408998.37
Ford,Puma,2017,Automatic,139985,Petrol,7782,21.4,1.4,347440.85
Honda,CR-V,2015,Automatic,166096,Petrol,18931,25.3,1.0,450014.54
Toyota,Corolla,2025,Manual,127014,Petrol,18637,12.5,1.6,1121086.58
Maruti,Baleno,2024,Manual,197152,Petrol,27054,30.9,2.0,718110.94
Ford,Fiesta,2024,Automatic,90378,Diesel,21994,25.1,1.6,1010576.88
Ford,Mondeo,2023,Manual,63526,Petrol,15795,14.0,2.0,1138929.04
Toyota,Corolla,2020,Manual,90732,Petrol,28123,29.8,1.0,861869.2
Ford,Kuga,2022,Manual,17229,Diesel,17967,31.8,1.2,949650.45
Hyundai,Tucson,2017,Manual,77763,Petrol,24732,18.2,1.4,526296.05
Honda,Jazz,2018,Automatic,82739,Hybrid,28157,27.0,2.0,979377.92
Ford,Kuga,2015,Manual,115115,Petrol,28105,21.4,1.8,448671.65
Hyundai,Tucson,2014,Automatic,86575,Petrol,31787,26.7,1.2,342667.09
Honda,Amaze,2011,Automatic,167060,Petrol,16587,25.8,1.5,188004.95
Honda,Civic,2015,Automatic,191232,Hybrid,17747,14.1,1.2,428094.4
Ford,Focus,2009,Manual,99720,Petrol,27868,16.0,1.8,120000.0
Honda,Amaze,2008,Manual,102422,Hybrid,7655,23.1,1.8,379762.68
Toyota,Prius,2022,Automatic,216343,Petrol,27078,26.5,1.5,893625.48
Maruti,Ciaz,2010,Automatic,188928,Diesel,15014,14.4,1.8,120000.0
Maruti,Ciaz,2013,Manual,178984,Diesel,2353,12.1,1.6,120000.0
Toyota,Camry,2020,Manual,67582,Diesel,4552,10.5,1.6,1091474.59
Honda,Amaze,2026,Manual,18568,Petrol,8120,10.3,1.6,1360563.9
Hyundai,Verna,2010,Automatic,89111,Petrol,20333,31.8,1.4,351204.2
Honda,Jazz,2009,Automatic,51123,Petrol,30394,18.3,1.4,470074.58
Honda,Amaze,2026,Manual,189568,Petrol,25028,23.0,1.2,789141.13
Honda,Jazz,2025,Manual,25103,Hybrid,5857,21.0,1.4,1401979.79
Ford,Focus,2026,Automatic,91628,Hybrid,1481,22.8,1.5,1272058.22
Ford,Mondeo,2021,Manual,171623,Petrol,6000,20.0,2.0,847613.32
Honda,CR-V,2020,Manual,61665,Diesel,2749,26.3,1.5,837317.91
Hyundai,Verna,2015,Manual,201532,Petrol,30834,29.4,1.5,150487.02
Maruti,Dzire,2022,Automatic,176216,Petrol,4382,14.4,2.0,748855.21
Maruti,Baleno,2024,Automatic,102837,CNG,27156,12.8,2.0,861082.45
Hyundai,i20,2024,Automatic,19637,CNG,27629,19.2,1.4,952434.5
Toyota,Yaris,2025,Manual,37680,Petrol,18545,31.7,1.6,1414072.7
Maruti,Brezza,2017,Manual,148604,Petrol,7367,27.8,1.5,197899.67
Toyota,Yaris,2018,Manual,31035,Hybrid,27319,16.7,1.8,1138616.44
Ford,Focus,2017,Manual,42768,Petrol,20100,24.7,1.0,498924.11
Ford,Focus,2022,Manual,124199,Petrol,32914,10.3,1.0,407526.96
Ford,Kuga,2019,Automatic,26625,Diesel,4313,25.4,1.2,931916.79
Honda,Civic,2015,Manual,39432,CNG,25768,21.3,1.4,602285.32
Hyundai,i20,2020,Automatic,126022,Petrol,5785,28.8,1.5,823398.98
Honda,Amaze,2009,Automatic,127278,Diesel,19994,13.1,2.0,425515.92
Honda,Jazz,2019,Manual,175307,Hybrid,34598,10.6,1.8,727259.73
Maruti,Baleno,2014,Automatic,137541,Diesel,27740,23.8,1.2,121068.5
Ford,Fiesta,2022,Manual,52921,Petrol,1402,16.4,1.4,877997.0
Honda,City,2022,Automatic,103119,Petrol,24587,23.5,1.0,901583.68
Maruti,Baleno,2021,Automatic,7671,Petrol,1590,24.2,1.6,1014253.35
Honda,CR-V,2022,Automatic,110779,Petrol,21921,16.1,2.0,990632.69
Hyundai,i20,2020,Manual,62549,Diesel,24346,23.4,1.8,893811.02
Toyota,Camry,2018,Manual,47161,Diesel,23708,22.4,1.2,875309.44
Toyota,Prius,2020,Automatic,170778,Petrol,14650,16.4,1.4,944778.53
Maruti,Dzire,2009,Automatic,59143,CNG,22868,14.2,1.0,120000.0
Maruti,Dzire,2011,Manual,75409,CNG,359,25.8,1.6,120000.0
Ford,Kuga,2021,Automatic,32153,Petrol,29733,12.0,1.4,890848.54
Hyundai,i10,2011,Manual,53557,Petrol,9553,17.5,1.5,319270.47
Maruti,Swift,2009,Manual,14161,Petrol,26291,26.6,1.0,120000.0
Maruti,Dzire,2023,Automatic,190426,Petrol,14391,18.9,1.5,647232.75
Toyota,RAV4,2019,Automatic,152341,Petrol,15402,26.1,1.0,803867.32
Hyundai,i20,2008,Manual,209028,Diesel,20862,19.5,1.8,120000.0
Maruti,Swift,2012,Manual,48722,Petrol,23053,30.5,2.0,326062.21
Honda,City,2017,Manual,182014,Petrol,27299,12.2,1.6,629886.62
Maruti,Ciaz,2020,Automatic,197157,Petrol,25860,10.7,1.2,439218.18
Hyundai,i10,2020,Manual,206491,Petrol,14824,27.5,1.8,759585.13
Toyota,Prius,2022,Manual,6967,Petrol,16027,15.0,1.0,1019980.37
Toyota,Yaris,2022,Automatic,77829,Petrol,28200,17.2,1.8,1292695.18
Toyota,Prius,2024,Automatic,200923,Petrol,7743,18.4,1.4,1093938.79
Honda,Amaze,2024,Manual,4669,Petrol,32681,25.0,1.6,1261145.77
Ford,Focus,2022,Manual,36306,Petrol,33990,22.4,1.2,799819.77
Hyundai,Verna,2018,Manual,142963,Diesel,19273,18.9,1.5,538008.34
Hyundai,Tucson,2024,Automatic,98261,CNG,14461,24.9,1.5,953130.99
Hyundai,Verna,2023,Automatic,92801,Petrol,18139,25.6,1.5,976353.21
Honda,Jazz,2016,Manual,11996,Hybrid,32074,24.0,1.5,734167.46
Toyota,Yaris,2025,Automatic,161197,Petrol,31275,24.5,1.4,1330071.72
Toyota,Prius,2021,Manual,110604,Diesel,29547,20.6,1.2,766313.63
Hyundai,Verna,2010,Automatic,153576,Diesel,13830,26.0,2.0,236486.11
Maruti,Dzire,2008,Manual,59238,Hybrid,27306,31.9,1.4,120000.0
Toyota,Corolla,2016,Manual,195279,Petrol,10752,22.0,1.6,463715.5
Ford,Kuga,2009,Manual,166844,Petrol,25348,25.2,1.8,120000.0
Ford,Puma,2023,Manual,6191,Petrol,33188,16.7,1.6,960879.59
Ford,Focus,2019,Manual,47799,CNG,339,28.9,1.0,546738.1
Toyota,RAV4,2020,Manual,14552,Petrol,24830,16.0,1.4,1189868.51
Hyundai,Creta,2020,Automatic,50125,Hybrid,28605,30.5,1.5,959815.12
Maruti,Brezza,2012,Manual,165790,Petrol,30472,26.7,1.6,120000.0
Maruti,Dzire,2022,Manual,36339,Petrol,7300,16.5,1.2,739583.07
Ford,Kuga,2009,Manual,13413,Diesel,20469,17.4,1.5,288774.35
Toyota,Prius,2018,Automatic,195052,Petrol,10916,12.7,1.5,776361.99
Hyundai,i20,2016,Manual,10919,Petrol,25828,17.9,2.0,668258.72
Toyota,RAV4,2019,Manual,35208,CNG,4104,13.7,2.0,1223304.76
Maruti,Ciaz,2026,Automatic,96125,Diesel,14962,17.3,1.2,849727.7
Ford,Mondeo,2018,Manual,22800,Petrol,567,28.0,2.0,838670.3
Toyota,Yaris,2011,Manual,215434,Petrol,33733,13.0,1.4,174036.61
Honda,City,2024,Automatic,2183,Diesel,15017,16.1,1.8,1263893.29
Hyundai,i10,2015,Manual,143839,Diesel,2098,12.9,2.0,511022.94
Ford,Kuga,2025,Manual,75748,Diesel,20794,19.1,1.2,1032223.46
Hyundai,Creta,2009,Manual,39247,Petrol,22169,27.7,1.4,239393.6
Toyota,Prius,2022,Automatic,124498,Diesel,2428,12.0,1.6,963729.67
Toyota,RAV4,2013,Automatic,116077,Petrol,31509,27.4,1.6,729346.97
Ford,Mondeo,2011,Automatic,56546,Diesel,9518,14.8,1.6,438023.32
Hyundai,i20,2020,Automatic,28653,Petrol,3304,28.3,2.0,1127694.79
Hyundai,i10,2012,Manual,160637,Petrol,10457,29.6,1.4,120000.0
Maruti,Dzire,2010,Automatic,178884,Diesel,13299,23.4,2.0,120000.0
Hyundai,Verna,2015,Manual,22165,Petrol,29040,31.5,1.4,485490.92
Honda,CR-V,2021,Manual,105345,Petrol,14094,24.8,1.0,748832.78
Maruti,Dzire,2008,Automatic,127689,Petrol,20042,15.6,1.5,120000.0
Honda,Jazz,2020,Automatic,169082,Diesel,15506,23.6,1.5,875352.12
Honda,Jazz,2015,Manual,24661,CNG,10432,16.1,1.2,677144.9
Honda,CR-V,2022,Manual,140672,Petrol,32639,21.5,1.4,936991.89
Honda,CR-V,2013,Automatic,214969,Petrol,4749,29.7,1.4,207117.16
Honda,Amaze,2012,Manual,13457,Petrol,29162,16.7,1.0,540398.65
Hyundai,Creta,2018,Automatic,68285,Diesel,32715,15.5,1.5,746709.26
Ford,Focus,2026,Manual,14381,Petrol,34921,19.9,1.5,1056020.92
Hyundai,Tucson,2020,Manual,91846,Hybrid,21489,23.6,1.2,566870.85
Ford,Focus,2014,Automatic,34163,CNG,9186,21.6,1.2,380341.59
Toyota,Camry,2008,Manual,36622,Petrol,21698,25.4,1.0,254842.5
Maruti,Dzire,2011,Manual,124921,Petrol,5192,13.8,1.8,120000.0
Maruti,Dzire,2022,Automatic,135553,Petrol,32884,26.6,2.0,874227.6
Honda,City,2019,Automatic,68226,Petrol,32930,12.7,2.0,1000736.43
Toyota,Yaris,2020,Manual,176568,Diesel,18069,22.8,1.4,820986.18
Ford,Focus,2012,Automatic,75864,Diesel,3014,27.9,1.8,429984.48
Ford,Puma,2022,Automatic,26504,Petrol,20981,29.9,1.2,801956.52
Ford,Kuga,2018,Automatic,78329,Diesel,2383,14.8,1.6,629112.63
Toyota,Corolla,2023,Automatic,91912,Petrol,21897,22.6,1.4,1317594.38
Honda,City,2014,Manual,3702,Diesel,6456,14.5,1.4,685216.62
Honda,CR-V,2022,Automatic,194500,CNG,6795,20.4,2.0,1004899.01
Honda,Civic,2021,Automatic,22463,Petrol,28781,29.9,1.8,1376131.67
Ford,Mondeo,2019,Manual,185434,CNG,2701,13.7,1.0,213834.36
Ford,Puma,2013,Automatic,32219,CNG,3189,16.3,1.6,495769.82
Honda,CR-V,2026,Manual,91595,Diesel,20286,10.5,1.5,1159837.67
Maruti,Ciaz,2012,Manual,175655,Petrol,20569,12.5,1.2,120000.0
Hyundai,Tucson,2025,Automatic,185782,Diesel,8423,29.2,2.0,945947.69
Ford,Fiesta,2026,Automatic,4652,Diesel,11696,26.1,1.4,1267234.37
Hyundai,Creta,2008,Automatic,190746,Hybrid,33501,29.6,1.0,120000.0
Maruti,Brezza,2023,Automatic,218703,Diesel,25556,22.6,1.5,768325.54
Toyota,Prius,2016,Manual,147558,Petrol,24525,23.0,1.4,620381.16
Ford,Mondeo,2014,Manual,47013,Diesel,28962,15.6,1.4,454164.31
Toyota,RAV4,2013,Manual,91316,Diesel,25725,23.4,1.6,508588.98
Maruti,Ciaz,2024,Automatic,70870,Petrol,17368,16.3,1.0,809209.7
Maruti,Dzire,2021,Manual,126673,Petrol,3199,23.8,1.0,279895.65
Maruti,Dzire,2008,Manual,189704,Petrol,20583,17.0,1.4,120000.0
Maruti,Dzire,2026,Automatic,57007,Petrol,6327,15.9,1.2,926745.71
Toyota,Corolla,2020,Automatic,135777,Petrol,3072,13.8,1.4,880171.99
Ford,Kuga,2025,Manual,178798,Petrol,13560,29.0,2.0,783031.55
Ford,Puma,2012,Manual,146202,Diesel,28562,10.4,1.2,120000.0
Maruti,Baleno,2016,Automatic,51606,Petrol,4817,10.0,1.0,371757.0
Maruti,Baleno,2016,Automatic,90939,Petrol,21712,27.7,2.0,393647.77
Maruti,Ciaz,2021,Manual,34150,Hybrid,33797,18.7,2.0,957906.98
Maruti,Baleno,2014,Automatic,81364,Diesel,14961,24.2,1.4,241612.54
Maruti,Dzire,2026,Manual,178844,CNG,12958,26.5,1.0,522343.89
Ford,Puma,2015,Manual,107356,Diesel,10586,28.9,1.0,177631.14
Honda,City,2009,Manual,22354,CNG,23888,17.3,1.8,598624.34
Toyota,Camry,2009,Manual,2125,Petrol,33333,17.2,1.4,513969.53
Honda,Jazz,2023,Manual,29839,Hybrid,20924,11.8,1.0,1225172.75
Honda,Amaze,2015,Automatic,48679,CNG,13418,13.7,2.0,921177.53
Honda,City,2008,Manual,112933,Diesel,16702,27.4,2.0,203178.8
Maruti,Ciaz,2024,Manual,135029,Petrol,31023,11.0,1.8,831037.27
Honda,City,2011,Manual,138888,Diesel,10439,27.1,1.6,170968.92
Hyundai,i20,2020,Automatic,79225,Petrol,6005,13.7,1.0,700128.48
Maruti,Ciaz,2013,Manual,104807,Petrol,23210,23.1,1.6,120000.0
Maruti,Dzire,2012,Automatic,92754,Diesel,9690,11.0,1.0,120000.0
Hyundai,Tucson,2014,Manual,219065,Diesel,9086,10.0,1.6,283915.48
Ford,Mondeo,2017,Manual,201385,Petrol,25980,13.7,1.8,191450.81
Honda,Civic,2025,Automatic,155518,Petrol,17933,17.7,1.5,1183664.79
Hyundai,i10,2016,Automatic,24658,CNG,1884,14.2,1.2,508943.71
Ford,Mondeo,2025,Manual,151346,Diesel,17811,29.0,1.6,841458.6
Honda,City,2017,Manual,172367,Petrol,34724,28.9,1.5,650118.69
Honda,Amaze,2021,Automatic,209935,Petrol,639,29.9,1.4,598592.44
Ford,Kuga,2010,Manual,215071,Petrol,17253,17.3,1.8,120000.0
Toyota,Corolla,2023,Automatic,69903,CNG,5750,27.2,2.0,1367646.85
Honda,Civic,2019,Manual,10359,Diesel,19062,11.7,1.6,854681.42
Honda,Civic,2023,Manual,3897,Hybrid,26930,30.6,1.5,1233195.23
Hyundai,i10,2021,Automatic,98554,Diesel,24532,14.3,1.4,838691.2
Ford,Mondeo,2019,Automatic,142372,Diesel,4137,18.8,1.8,595717.38
Ford,Focus,2020,Automatic,78159,CNG,24485,28.8,2.0,919108.68
Honda,Civic,2012,Manual,24801,Diesel,21708,20.5,2.0,736670.03
Honda,Amaze,2009,Manual,164312,Petrol,21890,27.8,1.2,120000.0
Ford,Fiesta,2021,Automatic,136597,CNG,20876,27.9,1.2,578001.28
Toyota,Camry,2022,Manual,132607,Diesel,18412,26.7,1.0,893379.71
Hyundai,i20,2021,Manual,83831,Petrol,30928,17.5,1.2,640208.44
Toyota,Corolla,2012,Manual,45270,Petrol,10429,12.0,1.8,775749.52
Maruti,Swift,2009,Manual,178899,Petrol,32412,13.6,1.5,120000.0
Maruti,Baleno,2020,Automatic,67020,Diesel,11474,18.2,1.6,856189.55
Ford,Mondeo,2011,Automatic,131837,Diesel,1907,16.9,1.4,120000.0
Honda,City,2021,Automatic,108101,Petrol,32102,22.2,1.2,866034.89
Hyundai,i20,2019,Automatic,95979,Petrol,29152,31.7,2.0,863364.86
Hyundai,Tucson,2008,Manual,148552,Petrol,20419,20.2,1.2,120000.0
Hyundai,i20,2021,Manual,64928,Petrol,940,18.4,1.2,781060.57
Toyota,Camry,2009,Manual,197652,Petrol,18747,23.6,1.5,120000.0
Toyota,RAV4,2023,Manual,215025,Petrol,11678,18.5,2.0,1045503.14
Hyundai,Verna,2021,Automatic,169574,Diesel,14640,16.8,1.5,652754.16
Hyundai,Tucson,2021,Manual,27144,CNG,29473,23.5,1.5,804075.7
Honda,CR-V,2018,Manual,150004,Petrol,15062,13.6,2.0,647974.12
Maruti,Ciaz,2016,Automatic,47372,Petrol,26180,28.4,1.6,559669.08
Maruti,Dzire,2021,Manual,43238,Diesel,9061,11.2,2.0,824782.27
Toyota,Corolla,2024,Automatic,106618,Hybrid,21020,13.7,2.0,1559309.87
Hyundai,i10,2012,Manual,158927,Petrol,6720,24.7,1.8,120000.0
Ford,Kuga,2016,Manual,30865,Petrol,6914,27.7,1.5,737553.12
Toyota,Prius,2019,Manual,203059,CNG,10075,25.9,2.0,739778.45
Maruti,Brezza,2019,Automatic,11875,Petrol,25923,20.7,1.4,930793.95
Ford,Puma,2025,Manual,184406,Petrol,6823,21.1,1.2,763007.49
Hyundai,i10,2017,Manual,8984,Petrol,14873,18.4,1.5,743002.75
Ford,Mondeo,2009,Manual,9743,Petrol,30127,17.6,1.4,357017.57
Toyota,Prius,2019,Manual,218525,Petrol,33952,29.0,1.2,781523.43
Hyundai,i10,2026,Automatic,45120,Petrol,9867,17.0,1.4,1262975.56
Toyota,Prius,2015,Manual,37047,Petrol,8741,17.6,1.8,869645.82
Toyota,RAV4,2009,Manual,83559,CNG,24322,10.2,1.8,541622.17
Toyota,Yaris,2019,Manual,168830,Diesel,30794,24.3,2.0,893632.58
Maruti,Baleno,2022,Manual,167527,CNG,10533,14.0,1.4,603271.85
Maruti,Swift,2011,Manual,9833,Diesel,15759,15.6,1.6,350546.07
Maruti,Dzire,2023,Manual,184655,CNG,735,10.8,2.0,645294.54
Hyundai,i10,2012,Manual,111674,Petrol,31963,18.5,1.6,250803.3
Toyota,Prius,2014,Automatic,80585,Diesel,15002,23.8,1.2,695507.37
Ford,Mondeo,2026,Manual,162741,Hybrid,13969,15.3,1.6,904539.38
Toyota,RAV4,2012,Manual,40564,Hybrid,18990,24.4,1.4,555146.93
Toyota,Corolla,2021,Manual,98361,Diesel,10209,30.3,2.0,1039688.53
Ford,Focus,2024,Manual,128744,Petrol,23591,10.4,1.2,686935.89
Hyundai,i20,2016,Automatic,205541,Petrol,27908,21.2,2.0,385937.74
Honda,City,2024,Automatic,175719,Diesel,15524,30.7,2.0,1151688.49
Hyundai,Creta,2010,Automatic,189988,Petrol,14940,12.4,2.0,129784.89
Maruti,Brezza,2022,Automatic,88971,Petrol,16429,28.9,1.0,707666.0
Maruti,Baleno,2021,Manual,171830,Petrol,7049,10.2,1.6,486049.07
Toyota,Prius,2017,Manual,12493,Petrol,16112,25.6,1.2,838109.68
Hyundai,Verna,2015,Manual,140264,CNG,1377,10.5,1.8,373436.53
Hyundai,Tucson,2015,Manual,172586,Petrol,3917,23.4,1.0,246698.02
Maruti,Dzire,2024,Automatic,112614,Petrol,31287,17.4,1.0,798241.15
Hyundai,Creta,2013,Manual,32276,CNG,11351,30.9,1.2,409330.84
Honda,Civic,2008,Automatic,86906,Hybrid,25550,17.9,1.4,489683.43
Honda,Amaze,2020,Manual,137922,Hybrid,33192,12.0,1.4,802329.33
Toyota,Yaris,2016,Manual,99537,Petrol,26204,14.7,1.5,781104.4
Maruti,Brezza,2013,Manual,186057,Petrol,7954,22.0,1.6,120000.0
Maruti,Baleno,2017,Automatic,82243,Diesel,5966,18.5,1.4,402357.92
Hyundai,Creta,2010,Manual,178385,Petrol,6562,26.5,1.0,120000.0
Toyota,Camry,2014,Manual,212766,Petrol,24743,24.4,1.4,376618.37
Toyota,RAV4,2025,Manual,128286,Petrol,8539,31.3,1.0,1141263.58
Honda,City,2012,Manual,184401,Diesel,31115,13.5,1.0,120000.0
Hyundai,Tucson,2013,Manual,31434,Hybrid,11047,20.8,2.0,569830.22
Maruti,Brezza,2025,Manual,113583,Diesel,15564,22.7,1.2,860894.89
Hyundai,Verna,2014,Automatic,131555,Petrol,9739,18.7,1.2,426780.14
Toyota,Prius,2025,Manual,149294,CNG,2543,14.4,1.4,1236865.53
Toyota,RAV4,2017,Manual,47765,Petrol,25284,10.2,1.6,769577.89
Maruti,Dzire,2013,Automatic,176230,CNG,10614,25.8,1.0,120000.0
Ford,Mondeo,2011,Automatic,142142,Petrol,10949,11.3,1.5,120000.0
Ford,Focus,2020,Manual,152849,Petrol,15546,13.0,1.2,534328.31
Hyundai,Tucson,2014,Automatic,146047,Petrol,18601,20.1,1.5,393994.3
Ford,Mondeo,2010,Manual,127869,Petrol,6095,22.0,2.0,120000.0
Honda,Amaze,2014,Manual,28290,CNG,11298,15.7,1.5,766341.87
Ford,Kuga,2014,Manual,36818,Petrol,3717,27.1,2.0,586957.39
Ford,Kuga,2024,Automatic,142563,Diesel,28237,15.5,1.8,988606.43
Toyota,Prius,2012,Manual,120448,Petrol,15120,32.0,1.2,403903.12
Honda,City,2009,Manual,24369,Petrol,15248,12.8,2.0,413309.82
Hyundai,Tucson,2020,Manual,30709,Petrol,4673,18.5,1.6,894370.64
Honda,Civic,2026,Manual,173812,Petrol,32573,10.5,1.6,751004.81
Toyota,Camry,2008,Automatic,214656,CNG,3212,25.0,1.4,149160.33
Honda,CR-V,2014,Automatic,129852,Diesel,12680,28.2,2.0,680680.86
Hyundai,Tucson,2017,Manual,103716,Petrol,33140,16.1,1.6,617036.77
Ford,Puma,2017,Automatic,165150,Hybrid,25036,15.9,1.2,479369.12
Maruti,Dzire,2023,Manual,191463,Diesel,34047,31.6,2.0,749390.14
Honda,City,2013,Automatic,54256,Hybrid,23508,17.3,1.6,693725.01
Honda,Amaze,2015,Automatic,75984,Petrol,3197,26.6,1.0,443594.23
Hyundai,Tucson,2012,Manual,185036,Diesel,1715,22.6,1.8,201087.12
Maruti,Swift,2016,Manual,212676,CNG,25732,23.8,1.6,295347.11
Maruti,Baleno,2014,Automatic,152956,Petrol,23666,28.9,1.2,197513.38
Ford,Focus,2017,Manual,179014,Petrol,11281,27.1,1.6,389392.36
Toyota,RAV4,2012,Manual,66686,CNG,10995,31.1,1.0,440143.49
Hyundai,Tucson,2016,Manual,39519,Diesel,21742,11.1,1.8,622146.27
Toyota,Camry,2011,Automatic,142458,Petrol,31327,22.6,1.8,511535.98
Toyota,Camry,2008,Automatic,99105,Petrol,5789,10.1,1.4,203733.18
Ford,Focus,2008,Manual,199629,Diesel,7808,22.0,2.0,120000.0
Maruti,Brezza,2020,Manual,67517,Petrol,11748,22.6,1.8,888334.27
Maruti,Dzire,2018,Automatic,120351,Hybrid,32330,28.1,1.5,824037.55
Toyota,Corolla,2025,Manual,150504,Diesel,618,12.3,2.0,1210623.51
Hyundai,Verna,2016,Manual,41169,Petrol,16345,25.1,1.8,538425.11
Toyota,Yaris,2022,Automatic,49971,Petrol,31856,18.4,1.4,1118434.77
Hyundai,Verna,2012,Automatic,207024,CNG,33349,15.3,1.0,232424.36
Ford,Fiesta,2011,Manual,200773,Petrol,5689,17.7,1.6,120000.0
Maruti,Brezza,2025,Manual,197694,Petrol,22829,18.9,1.4,582483.21
Toyota,Prius,2017,Automatic,180509,Petrol,28192,11.7,1.0,785860.44
Hyundai,Tucson,2015,Manual,30728,Hybrid,12050,11.4,2.0,674544.07
Ford,Puma,2025,Manual,83851,Hybrid,3238,18.8,1.8,1160802.34
Honda,Amaze,2014,Automatic,62643,Hybrid,5026,24.5,1.6,497326.14
Hyundai,i10,2025,Manual,14837,Petrol,25615,13.8,1.2,1207060.77
Honda,Amaze,2010,Manual,95622,Hybrid,13660,29.6,1.4,225788.1
Hyundai,i20,2011,Automatic,92406,Diesel,21936,10.6,1.6,196201.53
Toyota,Camry,2015,Automatic,43123,CNG,23251,17.6,1.0,845068.31
Honda,Jazz,2015,Automatic,116008,Petrol,261,19.3,1.2,481358.33
Honda,Civic,2022,Automatic,39956,Petrol,15406,11.5,1.6,1271439.59
Ford,Focus,2012,Manual,147569,Hybrid,1851,25.4,2.0,330634.32
Ford,Fiesta,2013,Manual,199075,Hybrid,25154,22.9,1.2,313812.22
Hyundai,i10,2024,Manual,201350,Petrol,16211,20.7,1.8,817996.44
Honda,City,2020,Manual,67224,Petrol,5759,18.9,1.0,831108.25
Maruti,Baleno,2026,Automatic,84669,Petrol,34460,24.7,1.2,992303.35
Honda,City,2014,Manual,212222,CNG,25114,27.1,1.0,120000.0
Honda,CR-V,2025,Manual,6402,Petrol,18665,31.9,1.4,1275696.82
Hyundai,i10,2016,Manual,212468,Hybrid,11847,10.2,1.4,404529.29
Honda,City,2010,Automatic,7901,Diesel,21789,16.8,1.6,629462.88
Ford,Fiesta,2017,Manual,9127,Petrol,31413,30.0,1.5,602269.14
Toyota,RAV4,2010,Automatic,44999,Hybrid,33887,13.3,1.8,555065.41
Ford,Mondeo,2026,Automatic,32330,Petrol,24547,10.3,1.2,1225377.98
Toyota,Prius,2012,Automatic,157301,CNG,2527,25.1,1.6,648198.5
Ford,Fiesta,2010,Automatic,192054,Petrol,21272,11.8,1.5,120000.0
Honda,CR-V,2012,Automatic,7864,Petrol,28623,31.5,1.8,380874.45
Ford,Focus,2023,Manual,187869,Petrol,33708,30.2,2.0,768414.57
Hyundai,i20,2015,Automatic,137467,Petrol,31600,25.3,1.4,394930.92
Ford,Focus,2025,Manual,130992,Hybrid,10119,19.9,1.5,935226.15
Toyota,Yaris,2021,Automatic,42976,Petrol,17973,30.9,2.0,1068814.8
Honda,Amaze,2014,Manual,75155,Hybrid,29117,18.9,1.0,605157.68
Ford,Mondeo,2024,Automatic,133401,CNG,11691,12.4,1.2,756272.92
Maruti,Swift,2023,Automatic,64589,Hybrid,12479,19.8,1.8,965886.32
Toyota,Camry,2011,Manual,109956,Petrol,26583,14.5,1.4,557536.68
Ford,Fiesta,2012,Manual,12449,Diesel,28640,25.0,1.2,285842.67
Toyota,Camry,2017,Manual,52327,Petrol,6859,30.8,1.2,821173.06
Hyundai,i10,2021,Manual,145299,Diesel,25502,21.6,1.5,705173.42
Maruti,Brezza,2010,Manual,190499,Hybrid,17840,16.6,2.0,120000.0
Maruti,Ciaz,2022,Automatic,69651,Petrol,3581,19.0,1.5,726339.33
Toyota,Camry,2026,Manual,24739,Petrol,4130,26.6,1.6,1490185.4
Honda,Amaze,2014,Manual,8111,Petrol,26096,31.9,1.6,575427.48
Maruti,Brezza,2019,Manual,195635,Diesel,17113,19.0,1.5,284775.38
Honda,City,2013,Manual,38408,Diesel,11608,25.9,1.6,567447.59
Maruti,Swift,2014,Manual,53793,Petrol,12603,12.0,1.8,331826.24
Toyota,Camry,2008,Automatic,210158,Petrol,44,29.7,1.5,150622.29
Honda,City,2010,Automatic,106928,CNG,14079,11.1,1.8,275749.8
Hyundai,Verna,2011,Automatic,34597,Hybrid,19800,10.3,2.0,591839.37
Maruti,Baleno,2014,Automatic,81312,Petrol,1652,13.9,1.5,338024.92
Hyundai,Tucson,2010,Manual,213885,Petrol,22547,24.3,1.4,120000.0
Honda,Amaze,2014,Manual,163171,Petrol,21235,13.7,1.4,407046.35
Hyundai,i20,2026,Automatic,72776,Petrol,14011,22.1,1.2,1184393.44
Hyundai,Tucson,2022,Automatic,104584,Hybrid,5481,31.4,1.8,1036032.1
Honda,Jazz,2015,Automatic,147919,CNG,2296,22.1,2.0,719444.93
Toyota,RAV4,2015,Manual,185766,Petrol,18942,27.7,1.5,464941.42
Hyundai,i20,2015,Manual,118266,Petrol,15827,13.1,1.2,349454.93
Honda,City,2014,Automatic,153936,CNG,12256,11.8,1.4,350363.51
Honda,Jazz,2010,Automatic,98044,Petrol,472,18.0,1.4,416252.84
Hyundai,i20,2008,Manual,60007,Diesel,11976,14.3,1.0,120000.0
Maruti,Baleno,2013,Automatic,120519,Petrol,14920,19.7,1.0,173332.66
Ford,Fiesta,2016,Manual,12543,Petrol,34262,18.5,1.0,458927.46
Ford,Kuga,2019,Manual,143562,Diesel,28201,28.2,1.4,364786.75
Maruti,Dzire,2008,Manual,39398,CNG,1313,22.5,2.0,120000.0
Maruti,Ciaz,2011,Automatic,119609,CNG,15941,22.8,2.0,373499.81
Honda,Civic,2017,Automatic,205879,Petrol,7327,10.9,1.8,644207.86
Toyota,Camry,2012,Manual,142385,Diesel,16086,23.8,2.0,582166.15
Honda,Amaze,2014,Manual,20303,Diesel,25454,23.9,1.0,517558.64
Honda,CR-V,2017,Manual,175386,Petrol,30567,11.3,1.2,355137.24
Honda,Amaze,2016,Automatic,45943,Petrol,13861,14.4,2.0,676116.33
Ford,Focus,2022,Manual,102895,CNG,11772,22.9,1.4,634298.96
Ford,Mondeo,2025,Manual,108944,Hybrid,25250,30.7,1.5,1022616.67
Hyundai,Verna,2012,Manual,192442,CNG,9410,10.5,1.8,250948.7
Honda,CR-V,2026,Manual,219883,Petrol,16947,11.4,1.8,1086624.11
Toyota,Corolla,2021,Automatic,158948,Petrol,1437,17.6,1.4,977322.03
Hyundai,Creta,2024,Automatic,154809,Petrol,18834,11.6,1.6,1011933.01
Honda,Civic,2022,Automatic,26637,Petrol,26236,26.0,1.8,1221205.05
Honda,City,2026,Manual,25612,CNG,17234,28.4,1.2,1173847.33
Maruti,Baleno,2014,Manual,212558,Petrol,31195,19.0,1.6,120000.0
Toyota,Corolla,2014,Manual,3183,Petrol,23043,16.3,1.5,650528.45
Honda,City,2012,Manual,186166,Hybrid,3180,28.8,2.0,446439.49
Maruti,Baleno,2014,Automatic,50420,Petrol,16509,31.1,1.4,428098.62
Maruti,Brezza,2026,Manual,188982,Petrol,31557,30.4,1.0,664394.85
Maruti,Baleno,2014,Automatic,110430,Hybrid,16097,23.4,1.4,409855.15
Maruti,Ciaz,2014,Automatic,148162,Diesel,5055,19.7,1.8,219680.31
Ford,Fiesta,2020,Manual,57656,Petrol,24955,18.1,1.0,556935.28
Maruti,Brezza,2011,Automatic,144664,Petrol,14708,22.4,2.0,120000.0
Hyundai,i20,2021,Manual,214474,Diesel,32201,16.0,1.8,706585.58
Ford,Puma,2008,Automatic,110898,Hybrid,14360,20.4,1.8,120000.0
Ford,Mondeo,2020,Automatic,67064,Petrol,21568,20.6,2.0,950127.27
Hyundai,Creta,2019,Automatic,117832,Diesel,33056,14.7,1.0,583908.75
Ford,Fiesta,2009,Manual,118572,Petrol,10792,29.1,1.5,120000.0
Ford,Focus,2016,Manual,110872,Petrol,10699,21.5,1.4,475408.08
Honda,City,2008,Automatic,177915,Petrol,12097,26.4,1.4,178229.68
Ford,Mondeo,2025,Automatic,100954,Petrol,20557,11.9,2.0,1070599.31
Hyundai,i10,2013,Manual,153741,Diesel,17413,15.8,2.0,242963.16
Ford,Focus,2025,Manual,71215,Hybrid,8377,19.2,1.2,1087241.33
Toyota,Yaris,2012,Manual,97765,Diesel,13582,27.5,1.2,428739.29
Hyundai,Creta,2025,Automatic,142553,Petrol,8622,11.4,1.5,959631.29
Maruti,Ciaz,2009,Manual,52068,Diesel,617,21.4,1.4,120000.0
Toyota,RAV4,2018,Manual,176865,Hybrid,23696,27.7,1.5,876241.89
Toyota,Yaris,2026,Manual,84764,Diesel,19992,26.4,1.0,1092770.51
Toyota,Corolla,2008,Automatic,145861,Petrol,3449,15.1,1.6,222811.11
Toyota,RAV4,2017,Automatic,20565,Petrol,8527,20.3,1.8,1145906.55
Honda,Amaze,2024,Manual,4786,Hybrid,33654,27.8,1.6,1339192.61
Hyundai,Creta,2025,Manual,34946,Petrol,19710,30.8,1.6,1135862.95
Ford,Mondeo,2017,Automatic,17222,Diesel,34991,25.9,2.0,717125.53
Toyota,Corolla,2014,Manual,39451,CNG,20031,32.0,1.8,702491.4
Honda,CR-V,2013,Manual,120142,CNG,34128,15.1,1.2,246882.22
Toyota,RAV4,2023,Manual,11920,Hybrid,15044,16.3,1.5,1353889.96
Toyota,Yaris,2017,Manual,121958,Petrol,11057,26.0,2.0,996212.97
Toyota,Corolla,2009,Automatic,121569,Hybrid,11653,12.7,1.6,532889.84
Ford,Kuga,2023,Manual,22612,Petrol,3869,14.8,1.8,958319.4
Honda,Amaze,2024,Automatic,74081,Petrol,6287,12.2,1.4,1142753.02
Ford,Focus,2012,Manual,205929,Petrol,24842,20.6,1.4,120000.0
Toyota,Yaris,2018,Automatic,52268,Diesel,6903,14.7,1.8,978128.33
Toyota,Prius,2022,Manual,199000,CNG,13660,12.3,1.2,989407.24
Honda,Amaze,2018,Automatic,37562,CNG,26083,21.3,1.2,913746.01
Hyundai,Tucson,2013,Manual,204996,Petrol,24143,23.3,1.0,120000.0
Maruti,Dzire,2023,Manual,139821,CNG,7915,29.2,1.2,548177.74
Hyundai,Tucson,2009,Manual,58810,Petrol,2902,23.6,1.0,149606.67
Toyota,Camry,2016,Manual,107353,Petrol,9295,26.9,1.2,615685.41
Honda,City,2022,Automatic,79449,Petrol,17849,20.1,1.4,914844.69
Honda,Amaze,2025,Automatic,106865,Diesel,28234,10.1,2.0,1163234.97
Maruti,Dzire,2015,Manual,58489,Diesel,12469,16.0,2.0,290062.53
Honda,Civic,2019,Automatic,48163,Petrol,13285,26.6,2.0,1041153.2
Hyundai,Verna,2011,Manual,84709,Diesel,24432,24.0,1.0,333939.16
Toyota,Prius,2014,Manual,208529,Petrol,1727,22.5,1.6,576335.44
Maruti,Baleno,2016,Automatic,11285,Diesel,26715,13.0,1.0,423289.01
Maruti,Dzire,2022,Manual,104756,Diesel,248,28.0,1.5,717211.2
Maruti,Swift,2018,Manual,213203,Petrol,22473,16.6,1.5,120000.0
Ford,Mondeo,2022,Manual,132769,Petrol,22491,28.7,1.8,689664.03
Ford,Kuga,2026,Manual,205726,Petrol,11399,20.4,1.8,806676.74
Maruti,Ciaz,2015,Manual,208371,Petrol,12206,25.3,2.0,120000.0
Toyota,Corolla,2014,Automatic,41903,Petrol,12904,25.2,1.0,510839.03
Maruti,Dzire,2022,Manual,46602,Petrol,542,13.7,1.4,887541.73
Honda,Amaze,2023,Manual,79052,Petrol,7985,26.3,1.5,1083817.76
Toyota,Camry,2016,Automatic,17710,Petrol,34451,18.4,1.5,997768.76
Toyota,RAV4,2016,Manual,201814,Hybrid,15702,21.8,1.8,628027.58
Hyundai,i20,2019,Automatic,4939,Petrol,32642,18.4,1.2,836388.18
Maruti,Ciaz,2016,Automatic,108408,Petrol,31074,20.0,1.2,210282.09
Ford,Focus,2023,Manual,96611,Petrol,4585,23.2,1.6,848849.45
Honda,City,2010,Manual,5258,Petrol,2604,21.1,1.8,436557.46
Ford,Kuga,2008,Manual,74498,Diesel,15146,20.7,1.5,152656.69
Toyota,Corolla,2016,Automatic,28835,Diesel,10836,17.0,1.5,1076726.16
Maruti,Baleno,2022,Manual,3007,Hybrid,34938,31.9,1.6,909348.15
Toyota,Corolla,2017,Manual,159553,CNG,32139,19.0,1.6,618013.2
Maruti,Brezza,2012,Automatic,15416,Hybrid,24535,12.5,1.2,384080.22
Honda,City,2008,Manual,72066,Petrol,26331,30.1,1.4,322241.25
Toyota,Camry,2020,Automatic,28656,Diesel,22967,20.4,1.4,1088557.4
Ford,Puma,2022,Automatic,98025,Petrol,10716,24.4,1.0,761744.52
Hyundai,Tucson,2009,Manual,114512,Hybrid,25582,16.3,2.0,247551.26
Toyota,RAV4,2026,Automatic,189284,Petrol,26468,16.1,1.8,1265049.45
Maruti,Ciaz,2018,Automatic,165189,Petrol,3533,31.2,1.4,331363.06
Hyundai,i10,2024,Automatic,69942,Petrol,7983,30.3,1.5,1239368.68
Toyota,Corolla,2024,Manual,25758,CNG,17672,13.9,1.2,1275801.6
Ford,Mondeo,2026,Manual,161813,Petrol,4743,21.4,2.0,1089799.89
Ford,Fiesta,2026,Manual,90053,Petrol,14711,30.8,2.0,1073475.42
Maruti,Swift,2024,Automatic,208190,CNG,15353,21.9,1.8,726610.71
Toyota,RAV4,2016,Manual,76155,Diesel,325,19.7,1.4,770174.33
Hyundai,Creta,2010,Automatic,166056,Petrol,28679,29.9,1.2,120000.0
Hyundai,i10,2012,Manual,189946,Diesel,5919,17.1,1.2,164740.35
Honda,City,2024,Manual,158761,Petrol,27498,17.2,1.6,922380.67
Ford,Mondeo,2012,Manual,107184,Petrol,31347,12.8,2.0,224289.26
Maruti,Swift,2008,Automatic,12733,Diesel,30835,21.6,1.4,279147.7
Ford,Fiesta,2024,Automatic,122506,CNG,25283,11.7,1.5,907878.65
Toyota,Yaris,2010,Manual,80742,Petrol,28056,23.9,1.2,302788.4
Hyundai,Tucson,2024,Automatic,57213,Petrol,10414,27.4,1.4,887572.38
Hyundai,Tucson,2023,Automatic,208812,Petrol,8139,23.4,1.8,826316.38
Hyundai,Tucson,2022,Manual,47989,Petrol,8271,12.2,1.2,994032.48
Honda,Amaze,2010,Manual,52258,Petrol,32269,14.3,2.0,626643.36
Ford,Puma,2023,Manual,77606,Hybrid,17940,15.9,1.0,729010.24
Honda,Jazz,2012,Automatic,36515,Petrol,5895,26.7,1.6,346681.56
Toyota,Corolla,2020,Automatic,52289,Diesel,15884,21.9,1.5,1109785.25
Maruti,Ciaz,2016,Manual,198298,Petrol,18170,16.6,1.2,216320.01
Toyota,Prius,2024,Manual,89210,Petrol,23920,25.0,1.4,1319346.98
Maruti,Baleno,2025,Automatic,196976,Petrol,10019,19.3,1.4,713356.39
Maruti,Brezza,2018,Automatic,5025,Petrol,8746,11.4,1.4,733491.32
Maruti,Dzire,2011,Manual,73868,Petrol,20899,19.3,1.0,181401.11
Maruti,Brezza,2008,Automatic,120005,Petrol,10460,14.2,1.5,120000.0
Maruti,Brezza,2026,Manual,161795,Petrol,23230,24.6,1.2,643865.84
Toyota,Corolla,2010,Manual,180046,Petrol,31386,14.6,1.0,120000.0
Maruti,Ciaz,2011,Manual,210285,Diesel,29482,26.7,1.4,120000.0
Hyundai,Tucson,2012,Manual,96735,Petrol,23694,20.9,1.4,233077.77
Honda,Civic,2026,Automatic,134800,Hybrid,12890,18.2,1.4,1181248.27
Maruti,Swift,2019,Automatic,74177,Diesel,11765,16.8,1.6,644433.84
Ford,Mondeo,2017,Manual,2753,Petrol,12003,13.0,1.4,623257.22
Hyundai,Verna,2020,Manual,93176,Diesel,33524,29.4,1.6,659828.39
Hyundai,i10,2014,Manual,209635,Hybrid,19000,28.3,2.0,419841.04
Ford,Fiesta,2012,Automatic,150239,Petrol,11442,23.3,2.0,312403.4
Hyundai,i10,2019,Automatic,72089,Hybrid,17703,22.3,1.2,740486.86
Toyota,Prius,2010,Automatic,186266,Petrol,9080,11.9,1.2,244434.42
Honda,Civic,2014,Manual,182938,Hybrid,6715,11.3,1.0,304373.62
Hyundai,i10,2016,Manual,171717,Petrol,32963,23.3,1.8,430188.45
Hyundai,i20,2012,Manual,112229,Petrol,20076,28.1,1.8,219008.46
Honda,Amaze,2014,Automatic,196807,Petrol,28722,10.8,1.0,347474.6
Ford,Focus,2023,Manual,128194,Petrol,17083,23.9,1.6,598415.05
Ford,Puma,2016,Automatic,108141,Diesel,14610,26.1,1.6,441605.98
Ford,Mondeo,2023,Automatic,217858,Petrol,13100,15.1,1.6,704538.83
Toyota,Prius,2015,Manual,69447,Hybrid,11206,24.7,2.0,972110.94
Ford,Puma,2023,Automatic,54716,Petrol,22349,11.1,1.5,871185.94
Maruti,Dzire,2020,Automatic,35434,Diesel,12155,25.0,1.4,637992.34
Toyota,Yaris,2014,Manual,116483,Petrol,34425,24.7,1.8,621969.28
Toyota,Prius,2017,Manual,96987,Petrol,5765,25.2,1.6,690009.01
Ford,Kuga,2009,Automatic,196012,Petrol,28431,26.6,1.4,120000.0
Ford,Kuga,2011,Manual,35257,Diesel,1342,23.7,1.8,335715.32
Ford,Fiesta,2026,Automatic,191741,Diesel,26770,13.8,2.0,1122824.8
Honda,City,2011,Manual,212267,Diesel,9341,30.4,1.6,157618.34
Honda,Amaze,2014,Manual,136959,Petrol,19933,26.2,1.0,213652.59
Honda,Jazz,2011,Automatic,102161,Petrol,24133,17.6,1.6,465604.3
Hyundai,Creta,2026,Manual,118686,Diesel,3219,17.2,2.0,1211595.11
Hyundai,i10,2023,Manual,153261,Petrol,14906,31.7,1.2,792212.67
Maruti,Baleno,2015,Manual,155950,Petrol,18983,21.6,1.4,174707.11
Hyundai,Verna,2015,Manual,192538,Petrol,32011,14.6,1.6,233524.53
Hyundai,Tucson,2026,Manual,38508,Diesel,480,30.3,1.5,1171440.58
Hyundai,i20,2019,Automatic,94153,Petrol,19776,24.7,1.0,654794.75
Toyota,RAV4,2023,Automatic,86746,Petrol,30334,31.6,1.5,1260515.76
Toyota,Camry,2020,Automatic,156219,Petrol,10449,30.3,1.0,906481.99
Maruti,Dzire,2020,Manual,7750,Petrol,22345,16.3,1.0,562765.53
Honda,Amaze,2008,Manual,210066,Petrol,22829,26.0,1.2,120000.0
Ford,Mondeo,2016,Automatic,84489,Petrol,25181,28.8,2.0,572503.43
Hyundai,Verna,2010,Manual,135704,Petrol,15102,15.1,1.2,120000.0
Ford,Mondeo,2018,Manual,84471,Petrol,25034,22.2,2.0,677709.32
Honda,CR-V,2010,Manual,86931,Petrol,14471,14.5,1.5,484975.98
Ford,Fiesta,2010,Manual,102766,Petrol,29485,15.0,2.0,120000.0
Toyota,Prius,2011,Manual,55768,Diesel,10351,20.9,1.5,382978.37
Maruti,Swift,2018,Manual,44390,Petrol,20119,18.9,1.6,425600.5
Hyundai,Creta,2017,Manual,66208,CNG,29372,10.7,1.2,758097.61
Toyota,RAV4,2011,Manual,164520,Petrol,19236,29.5,1.2,462935.58
Maruti,Dzire,2023,Manual,106514,CNG,5267,21.1,1.8,743374.35
Honda,CR-V,2014,Automatic,57435,Petrol,14278,17.1,1.5,749926.17
Honda,Amaze,2019,Manual,65014,Petrol,13817,20.8,2.0,888014.47
Honda,Civic,2014,Manual,150047,Petrol,16548,24.2,2.0,567158.64
Ford,Kuga,2026,Manual,24170,Diesel,27038,13.7,1.6,1192861.08
Maruti,Brezza,2022,Manual,112636,Petrol,34937,29.6,1.6,723062.31
Toyota,Corolla,2016,Manual,31850,Petrol,34716,27.4,1.8,806221.74
Honda,City,2022,Automatic,181993,Hybrid,30797,32.0,1.2,1005470.67
Honda,City,2014,Automatic,216037,Petrol,4498,10.6,1.6,439103.61
Honda,City,2012,Automatic,36398,Diesel,1256,30.1,1.4,681117.8
Ford,Fiesta,2016,Automatic,156310,Diesel,21542,26.6,2.0,331456.14
Toyota,Prius,2010,Manual,30999,Diesel,7994,16.0,1.8,541819.92
Toyota,Yaris,2016,Automatic,57841,Diesel,31795,12.3,2.0,1062179.67
Maruti,Swift,2023,Automatic,148607,Petrol,29379,19.9,1.2,754999.17
Maruti,Brezza,2010,Manual,66807,Petrol,21620,20.0,1.8,123272.6
Honda,CR-V,2017,Manual,89931,Petrol,373,27.1,1.6,768938.33
Honda,CR-V,2025,Manual,192496,Hybrid,3463,16.0,1.6,1000329.81
Hyundai,i20,2008,Manual,155408,Petrol,26044,27.7,1.5,120000.0
Honda,Civic,2015,Automatic,25702,Petrol,33609,25.2,1.0,609829.83
Hyundai,Tucson,2014,Automatic,208755,Petrol,32831,13.4,1.4,350785.33
Toyota,Camry,2014,Manual,125975,Petrol,4546,25.7,1.2,510964.86
Ford,Focus,2009,Automatic,204894,Petrol,10982,13.1,1.0,120000.0
Ford,Focus,2011,Automatic,117173,Petrol,25538,11.1,2.0,482974.51
Toyota,Camry,2010,Manual,97525,Petrol,8664,27.8,1.0,199768.15
Hyundai,i20,2015,Automatic,211743,CNG,17318,26.3,1.0,213663.46
Honda,City,2024,Manual,163126,Petrol,8476,13.8,1.0,967493.65
Ford,Focus,2018,Automatic,75052,Petrol,4442,30.5,1.8,685995.46
Ford,Kuga,2009,Manual,174142,Petrol,2223,18.7,1.8,120000.0
Ford,Mondeo,2017,Automatic,89207,Petrol,13087,30.9,1.2,509448.68
Ford,Puma,2026,Automatic,197147,Petrol,6343,25.7,1.4,916466.77
Hyundai,Verna,2021,Automatic,28737,CNG,25269,30.6,2.0,1042222.71
Maruti,Dzire,2008,Automatic,107519,Hybrid,23077,30.0,2.0,155087.51
Ford,Fiesta,2026,Manual,191157,Petrol,63,14.9,1.0,606093.94
Maruti,Baleno,2017,Manual,153248,Petrol,7254,18.3,1.2,255503.74
Maruti,Ciaz,2023,Manual,90221,Petrol,3882,18.9,1.2,656615.17
Ford,Fiesta,2009,Automatic,215836,Hybrid,31434,26.1,1.6,168350.49
Hyundai,i10,2023,Automatic,160126,CNG,30494,14.2,1.6,917162.78
Toyota,Camry,2022,Automatic,45455,Petrol,18436,17.1,1.6,1073690.05
Maruti,Dzire,2012,Manual,2163,Petrol,23706,10.5,1.2,120000.0
Maruti,Dzire,2012,Automatic,86574,Petrol,32251,31.5,2.0,221218.02
Toyota,Yaris,2011,Manual,56147,Hybrid,21479,27.5,2.0,623845.58
Ford,Kuga,2021,Manual,194968,Petrol,25977,21.2,1.5,672274.1
Ford,Fiesta,2020,Manual,214748,Petrol,11528,22.9,1.4,417690.52
Toyota,Yaris,2020,Automatic,96693,Petrol,2482,14.2,1.5,1141001.42
Maruti,Brezza,2019,Automatic,153921,CNG,28998,27.3,1.2,503003.02
Maruti,Brezza,2008,Manual,74966,Petrol,27777,23.6,2.0,120000.0
Honda,City,2020,Automatic,204639,CNG,30342,26.4,1.4,672189.72
Ford,Fiesta,2021,Automatic,148282,Petrol,19551,29.9,1.5,802207.44
Maruti,Ciaz,2020,Manual,63326,Petrol,11736,23.4,1.4,500966.96
Maruti,Dzire,2023,Manual,165903,CNG,25592,29.2,2.0,720492.02
Toyota,RAV4,2021,Automatic,108245,Hybrid,6905,17.0,1.0,1102995.36
Honda,Civic,2023,Manual,114249,Petrol,22778,31.3,1.2,733974.92
Ford,Puma,2008,Manual,134088,Diesel,20325,18.5,1.2,120000.0
Honda,Jazz,2025,Manual,15603,Diesel,9027,20.8,1.0,1092210.45
Hyundai,Creta,2020,Automatic,133717,Petrol,33934,26.4,1.8,605611.1
Maruti,Ciaz,2017,Automatic,79044,Hybrid,7325,10.1,1.6,712316.49
Maruti,Baleno,2019,Manual,215761,Petrol,27034,26.7,2.0,303923.99
Ford,Puma,2012,Manual,199824,Diesel,4561,16.8,1.8,120000.0
Honda,Jazz,2012,Manual,7653,Hybrid,20569,11.4,1.8,661927.27
Honda,CR-V,2022,Manual,12617,Diesel,14567,14.0,1.5,933688.35
Ford,Fiesta,2023,Manual,140331,CNG,15454,30.8,1.4,768337.25
Honda,Civic,2023,Manual,198425,CNG,18643,24.1,1.0,622692.32
Maruti,Ciaz,2014,Manual,212127,Diesel,7704,16.2,2.0,120000.0
Honda,Amaze,2008,Automatic,86835,Petrol,8677,30.4,1.6,242351.06
Hyundai,Tucson,2019,Manual,4950,Diesel,6342,27.8,1.2,763497.46
Maruti,Dzire,2008,Automatic,122680,CNG,779,29.1,2.0,120000.0
Honda,City,2013,Manual,201591,Diesel,32302,29.4,1.6,362218.48
Maruti,Brezza,2023,Manual,58708,Petrol,29616,20.0,2.0,875632.96
Maruti,Ciaz,2013,Manual,153784,Petrol,27347,25.0,1.4,125914.34
Maruti,Dzire,2024,Manual,34326,Diesel,4768,29.5,1.5,919903.22
Hyundai,i10,2019,Automatic,28939,Hybrid,20819,17.4,1.4,980452.93
Hyundai,Tucson,2019,Automatic,79285,CNG,14461,18.9,1.0,719830.69
Hyundai,i10,2011,Automatic,38346,Hybrid,33789,25.0,2.0,525793.83
Maruti,Baleno,2011,Automatic,61096,Petrol,13571,16.3,1.0,199830.62
Toyota,Camry,2025,Manual,38847,Diesel,10288,14.7,1.6,1319774.77
Hyundai,i20,2024,Manual,168052,Hybrid,18827,16.8,1.6,846596.33
Hyundai,Verna,2013,Manual,163128,CNG,32463,11.5,1.4,120000.0
Toyota,Prius,2017,Automatic,139109,Petrol,8745,24.1,1.4,623531.44
Hyundai,i20,2022,Manual,126188,Petrol,8156,30.9,1.4,863035.45
Hyundai,Creta,2009,Automatic,57854,Petrol,16353,15.3,1.4,233653.76
Maruti,Swift,2013,Manual,178166,Petrol,33146,21.1,1.4,120000.0
Maruti,Ciaz,2011,Manual,99363,Petrol,32452,22.9,1.6,158377.53
Toyota,RAV4,2018,Automatic,110401,CNG,13001,19.9,1.2,719121.97
Toyota,Prius,2009,Manual,8799,Petrol,32589,31.1,1.5,535229.43
Honda,Amaze,2022,Automatic,14930,Petrol,4757,20.9,1.2,1011378.06
Hyundai,i20,2026,Manual,177986,Petrol,30858,18.7,1.4,843549.75
Toyota,RAV4,2026,Manual,49826,Petrol,18331,10.5,1.2,1272539.01
Hyundai,Creta,2010,Manual,138423,Petrol,8303,15.8,1.8,129599.21
Maruti,Ciaz,2022,Automatic,140656,Petrol,10132,24.6,1.5,752242.62
Ford,Kuga,2012,Automatic,150517,Hybrid,7702,18.5,1.2,228954.11
Hyundai,Creta,2019,Automatic,47809,Diesel,9943,13.9,1.2,687421.13
Hyundai,i20,2014,Manual,27450,Petrol,20676,23.2,1.6,604675.22
Toyota,Prius,2026,Manual,167584,Diesel,4325,12.2,1.6,1074345.02
Ford,Kuga,2017,Manual,162974,Petrol,17215,10.4,1.8,476131.25
Maruti,Brezza,2018,Automatic,28852,Hybrid,18832,30.0,1.8,799062.36
Hyundai,Tucson,2023,Automatic,170259,Petrol,12293,27.9,1.5,927467.82
Hyundai,i10,2020,Manual,4527,Petrol,25628,11.9,1.2,892159.16
Ford,Focus,2023,Manual,106910,Petrol,16681,26.8,1.2,785886.38
Hyundai,i10,2021,Automatic,48915,Petrol,1417,12.7,1.0,798285.85
Honda,CR-V,2008,Manual,167314,Petrol,20196,17.5,2.0,120000.0
Maruti,Baleno,2023,Automatic,86728,Petrol,20419,11.4,1.0,789142.47
Maruti,Ciaz,2015,Automatic,126596,Petrol,19593,10.2,1.2,354356.31
Toyota,RAV4,2025,Manual,218300,Petrol,2145,21.6,1.6,935091.41
Hyundai,Tucson,2026,Automatic,100475,Petrol,28598,28.9,1.4,1090155.36
Hyundai,Verna,2021,Automatic,99997,Petrol,12258,30.2,1.6,888225.78
Maruti,Dzire,2018,Manual,82811,Petrol,28609,30.5,1.6,423776.02
Ford,Fiesta,2008,Manual,152044,Hybrid,2131,19.4,1.8,120000.0
Toyota,Camry,2019,Manual,71535,Petrol,32978,21.6,1.8,975068.21
Hyundai,i20,2009,Automatic,166440,Hybrid,18602,29.2,1.4,120000.0
Toyota,Yaris,2009,Manual,177298,Petrol,16901,21.3,1.8,299942.55
Hyundai,i20,2020,Manual,9366,Petrol,22854,21.1,1.6,991052.56
Hyundai,Verna,2019,Manual,24498,Diesel,21330,24.2,1.8,871488.86
Maruti,Swift,2009,Automatic,26085,CNG,32524,16.7,1.8,243802.03
Maruti,Brezza,2008,Manual,2165,Hybrid,27071,29.3,2.0,307153.95
Toyota,Yaris,2012,Manual,172905,Petrol,18182,19.9,2.0,481470.48
Maruti,Swift,2016,Automatic,15618,Diesel,23744,23.4,1.0,448682.96
Maruti,Brezza,2008,Manual,158774,Petrol,13038,15.8,2.0,120000.0
Toyota,Camry,2019,Automatic,207431,Petrol,17940,20.1,1.2,793383.55
Maruti,Dzire,2011,Manual,113769,Petrol,27677,18.2,1.6,120000.0
Toyota,RAV4,2024,Manual,75586,Diesel,14080,13.6,1.0,1141362.81
Maruti,Swift,2013,Automatic,145418,Petrol,8870,11.6,1.0,120000.0
Honda,Jazz,2026,Manual,23177,Petrol,13368,22.4,1.4,1233479.75
Maruti,Baleno,2026,Automatic,158583,Petrol,29614,26.2,1.8,866707.24
Maruti,Baleno,2009,Manual,108272,Diesel,19996,31.0,1.6,120000.0
Toyota,Yaris,2023,Manual,69986,Petrol,10241,17.9,2.0,1280332.55
Honda,Amaze,2023,Manual,56494,Petrol,32562,18.0,1.6,1094963.11
Toyota,Corolla,2012,Manual,184101,Diesel,27446,26.8,1.2,235715.46
Maruti,Baleno,2010,Automatic,31272,Petrol,29890,27.7,1.6,281151.8
Honda,Amaze,2025,Manual,192366,Diesel,30523,16.4,1.6,1043522.69
Hyundai,Verna,2014,Automatic,64793,Petrol,27988,19.5,1.0,253144.45
Ford,Mondeo,2025,Manual,101966,Petrol,21836,22.4,1.0,994366.86
Hyundai,i10,2024,Automatic,196567,CNG,14552,23.2,1.4,704181.28
Hyundai,i20,2024,Manual,149755,Diesel,27181,22.1,1.2,672108.42
Maruti,Dzire,2025,Automatic,131512,Petrol,17901,26.1,1.2,898200.84
Honda,Civic,2012,Manual,120019,Petrol,22201,28.0,1.5,208837.29
Maruti,Baleno,2022,Automatic,88992,Diesel,3787,30.5,1.0,762771.63
Ford,Kuga,2010,Automatic,38710,Hybrid,4622,15.8,1.0,258854.62
Honda,Civic,2012,Automatic,130278,Petrol,201,19.4,1.6,398064.85
Ford,Focus,2024,Automatic,218199,Petrol,1,31.0,1.6,794547.73
Honda,CR-V,2023,Automatic,208092,Diesel,4411,29.3,2.0,976543.04
Honda,Civic,2021,Manual,174427,Diesel,8455,22.2,1.5,843850.91
Honda,Jazz,2013,Automatic,21373,Petrol,13738,16.4,1.4,772098.36
Hyundai,Verna,2026,Manual,99192,Petrol,25788,20.5,1.4,1175248.05
Honda,CR-V,2018,Manual,91771,Petrol,24342,25.4,1.2,631096.93
Hyundai,Tucson,2021,Automatic,99608,Petrol,18703,28.3,1.6,994946.15
Hyundai,Tucson,2022,Automatic,79169,Diesel,27120,12.9,1.4,845598.12
Maruti,Dzire,2010,Manual,168607,Petrol,10375,16.2,1.4,120000.0
Toyota,Prius,2014,Automatic,158563,Petrol,34177,24.2,1.0,436546.24
Ford,Kuga,2013,Automatic,181745,Petrol,3084,28.6,1.8,315063.88
Hyundai,i10,2011,Automatic,103335,CNG,19777,30.9,1.0,321335.91